"Date","Price","Open","High","Low","Vol.","Change %"
"Feb 15, 2021","15,309.55","15,254.35","15,326.15","15,254.35","292.42K","0.96%"
"Feb 12, 2021","15,163.30","15,186.20","15,243.50","15,081.00","571.81K","-0.07%"
"Feb 11, 2021","15,173.30","15,073.25","15,188.50","15,065.40","500.12K","0.44%"
"Feb 10, 2021","15,106.50","15,119.05","15,168.25","14,977.20","624.79K","-0.02%"
"Feb 09, 2021","15,109.30","15,164.15","15,257.10","15,064.30","713.28K","-0.04%"
"Feb 08, 2021","15,115.80","15,064.30","15,159.90","15,041.05","671.24K","1.28%"
"Feb 05, 2021","14,924.25","14,952.60","15,014.65","14,864.75","935.63K","0.19%"
"Feb 04, 2021","14,895.65","14,789.05","14,913.70","14,714.75","884.69K","0.71%"
"Feb 03, 2021","14,789.95","14,754.90","14,868.85","14,574.15","869.48K","0.97%"
"Feb 02, 2021","14,647.85","14,481.10","14,731.70","14,469.15","914.97K","2.57%"
"Feb 01, 2021","14,281.20","13,758.60","14,336.35","13,661.75","870.53K","4.74%"
"Jan 29, 2021","13,634.60","13,946.60","13,966.85","13,596.75","753.21K","-1.32%"
"Jan 28, 2021","13,817.55","13,810.40","13,898.25","13,713.25","637.87K","-1.07%"
"Jan 27, 2021","13,967.50","14,237.95","14,237.95","13,929.30","660.71K","-1.91%"
"Jan 25, 2021","14,238.90","14,477.80","14,491.10","14,218.60","618.63K","-0.93%"
"Jan 22, 2021","14,371.90","14,583.40","14,619.90","14,357.75","776.75K","-1.50%"
"Jan 21, 2021","14,590.35","14,730.95","14,753.55","14,517.25","704.65K","-0.37%"
"Jan 20, 2021","14,644.70","14,538.30","14,666.45","14,517.55","623.07K","0.85%"
"Jan 19, 2021","14,521.15","14,371.65","14,546.05","14,350.85","546.11K","1.68%"
"Jan 18, 2021","14,281.30","14,453.30","14,459.15","14,222.80","762.04K","-1.06%"
"Jan 15, 2021","14,433.70","14,594.35","14,617.45","14,357.85","789.56K","-1.11%"
"Jan 14, 2021","14,595.60","14,550.05","14,617.80","14,471.50","620.20K","0.21%"
"Jan 13, 2021","14,564.85","14,639.80","14,653.35","14,435.70","873.96K","0.01%"
"Jan 12, 2021","14,563.45","14,473.80","14,590.65","14,432.85","929.57K","0.54%"
"Jan 11, 2021","14,484.75","14,474.05","14,498.20","14,383.10","672.88K","0.96%"
"Jan 08, 2021","14,347.25","14,258.40","14,367.30","14,221.65","613.47K","1.48%"
"Jan 07, 2021","14,137.35","14,253.75","14,256.25","14,123.10","559.17K","-0.06%"
"Jan 06, 2021","14,146.25","14,240.95","14,244.15","14,039.90","632.32K","-0.38%"
"Jan 05, 2021","14,199.50","14,075.15","14,215.60","14,048.15","492.48K","0.47%"
"Jan 04, 2021","14,132.90","14,104.35","14,147.95","13,953.75","495.00K","0.82%"
"Jan 01, 2021","14,018.50","13,996.10","14,049.85","13,991.35","258.09K","0.26%"
"Dec 31, 2020","13,981.75","13,970.00","14,024.85","13,936.45","452.41K","-0.00%"
"Dec 30, 2020","13,981.95","13,980.90","13,997.00","13,864.95","380.68K","0.35%"
"Dec 29, 2020","13,932.60","13,910.35","13,967.60","13,859.90","439.59K","0.43%"
"Dec 28, 2020","13,873.20","13,815.15","13,885.30","13,811.55","403.63K","0.90%"
"Dec 24, 2020","13,749.25","13,672.15","13,771.75","13,626.90","471.37K","1.09%"
"Dec 23, 2020","13,601.10","13,473.50","13,619.45","13,432.20","458.65K","1.00%"
"Dec 22, 2020","13,466.30","13,373.65","13,492.05","13,192.90","696.20K","1.03%"
"Dec 21, 2020","13,328.40","13,741.90","13,777.50","13,131.45","687.26K","-3.14%"
"Dec 18, 2020","13,760.55","13,764.40","13,772.85","13,658.60","519.39K","0.14%"
"Dec 17, 2020","13,740.70","13,713.55","13,773.25","13,673.55","416.01K","0.42%"
"Dec 16, 2020","13,682.70","13,663.10","13,692.35","13,606.45","462.15K","0.85%"
"Dec 15, 2020","13,567.85","13,547.20","13,589.65","13,447.05","497.60K","0.07%"
"Dec 14, 2020","13,558.15","13,571.45","13,597.50","13,472.45","558.39K","0.33%"
"Dec 11, 2020","13,513.85","13,512.30","13,579.35","13,402.85","787.71K","0.26%"
"Dec 10, 2020","13,478.30","13,488.50","13,503.55","13,399.30","553.40K","-0.38%"
"Dec 09, 2020","13,529.10","13,458.10","13,548.90","13,449.60","502.61K","1.02%"
"Dec 08, 2020","13,392.95","13,393.85","13,435.45","13,311.05","543.17K","0.28%"
"Dec 07, 2020","13,355.75","13,264.85","13,366.65","13,241.95","591.72K","0.73%"
"Dec 04, 2020","13,258.55","13,177.40","13,280.05","13,152.85","640.51K","0.95%"
"Dec 03, 2020","13,133.90","13,215.30","13,216.60","13,107.90","713.69K","0.15%"
"Dec 02, 2020","13,113.75","13,121.40","13,128.50","12,983.55","717.71K","0.04%"
"Dec 01, 2020","13,109.05","13,062.20","13,128.40","12,962.80","583.63K","1.08%"
"Nov 27, 2020","12,968.95","13,012.05","13,035.30","12,914.30","1.16M","-0.14%"
"Nov 26, 2020","12,987.00","12,906.45","13,018.00","12,790.40","549.80K","1.00%"
"Nov 25, 2020","12,858.40","13,130.00","13,145.85","12,833.65","679.01K","-1.51%"
"Nov 24, 2020","13,055.15","13,002.60","13,079.10","12,978.00","571.87K","1.00%"
"Nov 23, 2020","12,926.45","12,960.30","12,968.85","12,825.70","633.12K","0.52%"
"Nov 20, 2020","12,859.05","12,813.40","12,892.45","12,730.25","664.00K","0.68%"
"Nov 19, 2020","12,771.70","12,839.50","12,963.00","12,745.75","768.75K","-1.29%"
"Nov 18, 2020","12,938.25","12,860.10","12,948.85","12,819.35","731.32K","0.50%"
"Nov 17, 2020","12,874.20","12,932.50","12,934.05","12,797.10","707.68K","1.21%"
"Nov 13, 2020","12,719.95","12,659.70","12,735.95","12,607.70","513.95K","0.23%"
"Nov 12, 2020","12,690.80","12,702.15","12,741.15","12,624.85","622.02K","-0.46%"
"Nov 11, 2020","12,749.15","12,680.60","12,769.75","12,571.10","880.48K","0.93%"
"Nov 10, 2020","12,631.10","12,556.40","12,643.90","12,475.25","847.45K","1.36%"
"Nov 09, 2020","12,461.05","12,399.40","12,474.05","12,367.35","553.45K","1.61%"
"Nov 06, 2020","12,263.55","12,156.65","12,280.40","12,131.85","576.84K","1.18%"
"Nov 05, 2020","12,120.30","12,062.40","12,131.10","12,027.60","632.46K","1.78%"
"Nov 04, 2020","11,908.50","11,783.35","11,929.65","11,756.40","667.29K","0.80%"
"Nov 03, 2020","11,813.50","11,734.45","11,836.20","11,723.30","674.30K","1.24%"
"Nov 02, 2020","11,669.15","11,697.35","11,725.65","11,557.40","568.43K","0.23%"
"Oct 30, 2020","11,642.40","11,678.45","11,748.95","11,535.45","553.67K","-0.24%"
"Oct 29, 2020","11,670.80","11,633.30","11,744.15","11,606.45","554.96K","-0.50%"
"Oct 28, 2020","11,729.60","11,922.60","11,929.40","11,684.85","704.02K","-1.34%"
"Oct 27, 2020","11,889.40","11,807.10","11,899.05","11,723.00","616.32K","1.03%"
"Oct 26, 2020","11,767.75","11,937.40","11,942.85","11,711.70","519.82K","-1.36%"
"Oct 23, 2020","11,930.35","11,957.90","11,974.55","11,908.75","502.34K","0.28%"
"Oct 22, 2020","11,896.45","11,892.10","11,938.10","11,824.45","544.80K","-0.35%"
"Oct 21, 2020","11,937.65","11,958.55","12,018.65","11,775.75","623.66K","0.34%"
"Oct 20, 2020","11,896.80","11,861.00","11,949.25","11,837.25","453.56K","0.20%"
"Oct 19, 2020","11,873.05","11,879.20","11,898.25","11,820.40","541.42K","0.94%"
"Oct 16, 2020","11,762.45","11,727.40","11,789.75","11,667.85","555.77K","0.70%"
"Oct 15, 2020","11,680.35","12,023.45","12,025.45","11,661.30","608.87K","-2.43%"
"Oct 14, 2020","11,971.05","11,917.40","11,997.20","11,822.15","569.25K","0.31%"
"Oct 13, 2020","11,934.50","11,934.65","11,988.20","11,888.90","458.31K","0.03%"
"Oct 12, 2020","11,930.95","11,973.55","12,022.05","11,867.20","522.63K","0.14%"
"Oct 09, 2020","11,914.20","11,852.05","11,938.60","11,805.20","611.08K","0.67%"
"Oct 08, 2020","11,834.60","11,835.40","11,905.70","11,791.15","608.77K","0.82%"
"Oct 07, 2020","11,738.85","11,679.25","11,763.05","11,629.35","513.37K","0.66%"
"Oct 06, 2020","11,662.40","11,603.45","11,680.30","11,564.30","561.45K","1.38%"
"Oct 05, 2020","11,503.35","11,487.80","11,578.05","11,452.30","530.60K","0.76%"
"Oct 01, 2020","11,416.95","11,364.45","11,428.60","11,347.05","447.74K","1.51%"
"Sep 30, 2020","11,247.55","11,244.45","11,295.40","11,184.55","499.34K","0.22%"
"Sep 29, 2020","11,222.40","11,288.60","11,305.40","11,181.00","498.30K","-0.05%"
"Sep 28, 2020","11,227.55","11,140.85","11,239.35","11,099.85","472.78K","1.60%"
"Sep 25, 2020","11,050.25","10,910.40","11,072.60","10,854.85","559.60K","2.26%"
"Sep 24, 2020","10,805.55","11,011.00","11,015.30","10,790.20","706.14K","-2.93%"
"Sep 23, 2020","11,131.85","11,258.75","11,259.55","11,024.40","714.93K","-0.20%"
"Sep 22, 2020","11,153.65","11,301.75","11,302.20","11,084.65","672.25K","-0.86%"
"Sep 21, 2020","11,250.55","11,503.80","11,535.25","11,218.50","602.85K","-2.21%"
"Sep 18, 2020","11,504.95","11,584.10","11,584.10","11,446.10","764.15K","-0.10%"
"Sep 17, 2020","11,516.10","11,539.40","11,587.20","11,498.50","517.73K","-0.76%"
"Sep 16, 2020","11,604.55","11,538.45","11,618.10","11,516.75","527.81K","0.72%"
"Sep 15, 2020","11,521.80","11,487.20","11,535.95","11,442.25","506.67K","0.71%"
"Sep 14, 2020","11,440.05","11,540.15","11,568.90","11,383.55","642.27K","-0.21%"
"Sep 11, 2020","11,464.45","11,447.80","11,493.50","11,419.90","554.79K","0.13%"
"Sep 10, 2020","11,449.25","11,363.30","11,464.05","11,327.40","679.42K","1.52%"
"Sep 09, 2020","11,278.00","11,218.60","11,298.15","11,185.15","728.88K","-0.35%"
"Sep 08, 2020","11,317.35","11,378.55","11,437.25","11,290.45","572.24K","-0.33%"
"Sep 07, 2020","11,355.05","11,359.60","11,381.15","11,251.70","560.32K","0.19%"
"Sep 04, 2020","11,333.85","11,354.40","11,452.05","11,303.65","681.34K","-1.68%"
"Sep 03, 2020","11,527.45","11,566.20","11,584.95","11,507.65","607.12K","-0.07%"
"Sep 02, 2020","11,535.00","11,478.55","11,554.75","11,430.40","593.49K","0.56%"
"Sep 01, 2020","11,470.25","11,464.30","11,553.55","11,366.90","783.77K","0.73%"
"Aug 31, 2020","11,387.50","11,777.55","11,794.25","11,325.85","1.37M","-2.23%"
"Aug 28, 2020","11,647.60","11,602.95","11,686.05","11,589.40","807.00K","0.76%"
"Aug 27, 2020","11,559.25","11,609.30","11,617.35","11,540.60","719.78K","0.08%"
"Aug 26, 2020","11,549.60","11,512.85","11,561.75","11,461.85","743.44K","0.67%"
"Aug 25, 2020","11,472.25","11,513.10","11,525.90","11,423.35","638.15K","0.05%"
"Aug 24, 2020","11,466.45","11,412.00","11,497.25","11,410.65","532.90K","0.83%"
"Aug 21, 2020","11,371.60","11,409.65","11,418.50","11,362.20","668.72K","0.53%"
"Aug 20, 2020","11,312.20","11,317.45","11,361.45","11,289.80","791.59K","-0.84%"
"Aug 19, 2020","11,408.40","11,452.15","11,460.35","11,394.10","626.22K","0.20%"
"Aug 18, 2020","11,385.35","11,259.80","11,401.70","11,253.15","579.24K","1.23%"
"Aug 17, 2020","11,247.10","11,248.90","11,267.10","11,144.50","633.96K","0.61%"
"Aug 14, 2020","11,178.40","11,353.30","11,366.25","11,111.45","645.11K","-1.08%"
"Aug 13, 2020","11,300.45","11,334.85","11,359.30","11,269.95","562.36K","-0.07%"
"Aug 12, 2020","11,308.40","11,289.00","11,322.00","11,242.65","609.86K","-0.12%"
"Aug 11, 2020","11,322.50","11,322.25","11,373.60","11,299.15","586.09K","0.46%"
"Aug 10, 2020","11,270.15","11,270.25","11,337.30","11,238.00","492.00K","0.50%"
"Aug 07, 2020","11,214.05","11,186.65","11,231.90","11,142.05","452.63K","0.12%"
"Aug 06, 2020","11,200.15","11,185.70","11,256.80","11,127.30","600.38K","0.89%"
"Aug 05, 2020","11,101.65","11,155.75","11,225.65","11,064.05","667.64K","0.06%"
"Aug 04, 2020","11,095.25","10,946.65","11,112.25","10,908.10","625.74K","1.87%"
"Aug 03, 2020","10,891.60","11,057.55","11,058.05","10,882.25","680.93K","-1.64%"
"Jul 31, 2020","11,073.45","11,139.50","11,150.40","11,026.65","642.56K","-0.26%"
"Jul 30, 2020","11,102.15","11,254.30","11,299.95","11,084.95","677.76K","-0.90%"
"Jul 29, 2020","11,202.85","11,276.90","11,341.40","11,149.75","600.73K","-0.86%"
"Jul 28, 2020","11,300.55","11,154.10","11,317.75","11,151.40","683.89K","1.52%"
"Jul 27, 2020","11,131.80","11,225.00","11,225.00","11,087.85","588.15K","-0.56%"
"Jul 24, 2020","11,194.15","11,149.95","11,225.40","11,090.30","678.94K","-0.19%"
"Jul 23, 2020","11,215.45","11,135.00","11,239.80","11,103.15","621.58K","0.74%"
"Jul 22, 2020","11,132.60","11,231.20","11,238.10","11,056.55","765.07K","-0.27%"
"Jul 21, 2020","11,162.25","11,126.10","11,179.55","11,113.25","772.00K","1.27%"
"Jul 20, 2020","11,022.20","10,999.45","11,037.90","10,953.00","554.31K","1.11%"
"Jul 17, 2020","10,901.70","10,752.00","10,933.45","10,749.65","676.88K","1.51%"
"Jul 16, 2020","10,739.95","10,706.20","10,755.30","10,595.20","694.40K","1.15%"
"Jul 15, 2020","10,618.20","10,701.00","10,827.45","10,577.75","715.90K","0.10%"
"Jul 14, 2020","10,607.35","10,750.85","10,755.65","10,562.90","532.37K","-1.81%"
"Jul 13, 2020","10,802.70","10,851.85","10,894.05","10,756.05","554.05K","0.32%"
"Jul 10, 2020","10,768.05","10,764.10","10,819.40","10,713.00","590.71K","-0.42%"
"Jul 09, 2020","10,813.45","10,755.55","10,836.85","10,733.00","618.65K","1.01%"
"Jul 08, 2020","10,705.75","10,818.65","10,847.85","10,676.55","767.94K","-0.87%"
"Jul 07, 2020","10,799.65","10,802.85","10,813.80","10,689.70","636.77K","0.33%"
"Jul 06, 2020","10,763.65","10,723.85","10,811.40","10,695.10","571.21K","1.47%"
"Jul 03, 2020","10,607.35","10,614.95","10,631.30","10,562.65","525.19K","0.53%"
"Jul 02, 2020","10,551.70","10,493.05","10,598.20","10,485.55","597.42K","1.17%"
"Jul 01, 2020","10,430.05","10,323.80","10,447.05","10,299.60","573.55K","1.24%"
"Jun 30, 2020","10,302.10","10,382.60","10,401.05","10,267.35","556.24K","-0.10%"
"Jun 29, 2020","10,312.40","10,311.95","10,337.95","10,223.60","574.54K","-0.68%"
"Jun 26, 2020","10,383.00","10,378.90","10,409.85","10,311.25","671.91K","0.91%"
"Jun 25, 2020","10,288.90","10,235.55","10,361.80","10,194.50","994.19K","-0.16%"
"Jun 24, 2020","10,305.30","10,529.25","10,553.15","10,281.95","854.80K","-1.58%"
"Jun 23, 2020","10,471.00","10,347.95","10,484.70","10,301.75","669.20K","1.55%"
"Jun 22, 2020","10,311.20","10,318.75","10,393.65","10,277.60","685.39K","0.65%"
"Jun 19, 2020","10,244.40","10,119.00","10,272.40","10,072.65","892.10K","1.51%"
"Jun 18, 2020","10,091.65","9,863.25","10,111.20","9,845.05","622.90K","2.13%"
"Jun 17, 2020","9,881.15","9,876.70","10,003.60","9,833.80","685.42K","-0.33%"
"Jun 16, 2020","9,914.00","10,014.80","10,046.15","9,728.50","899.90K","1.02%"
"Jun 15, 2020","9,813.70","9,919.35","9,943.35","9,726.35","716.05K","-1.60%"
"Jun 12, 2020","9,972.90","9,544.95","9,996.05","9,544.35","796.31K","0.72%"
"Jun 11, 2020","9,902.00","10,094.10","10,112.05","9,885.05","715.45K","-2.12%"
"Jun 10, 2020","10,116.15","10,072.60","10,148.75","10,036.85","632.38K","0.69%"
"Jun 09, 2020","10,046.65","10,181.15","10,291.15","10,021.45","754.22K","-1.19%"
"Jun 08, 2020","10,167.45","10,326.75","10,328.50","10,120.25","936.49K","0.25%"
"Jun 05, 2020","10,142.15","10,093.80","10,177.80","10,040.75","987.12K","1.13%"
"Jun 04, 2020","10,029.10","10,054.25","10,123.85","9,944.25","775.11K","-0.32%"
"Jun 03, 2020","10,061.55","10,108.30","10,176.20","10,035.55","794.66K","0.83%"
"Jun 02, 2020","9,979.10","9,880.85","9,995.60","9,824.05","770.19K","1.56%"
"Jun 01, 2020","9,826.15","9,726.85","9,931.60","9,706.95","794.18K","2.57%"
"May 29, 2020","9,580.30","9,422.20","9,598.85","9,376.90","967.01K","0.95%"
"May 28, 2020","9,490.10","9,364.95","9,511.25","9,336.50","837.91K","1.88%"
"May 27, 2020","9,314.95","9,082.20","9,334.00","9,004.25","763.49K","3.17%"
"May 26, 2020","9,029.05","9,099.75","9,161.65","8,996.65","654.96K","-0.11%"
"May 22, 2020","9,039.25","9,067.90","9,149.60","8,968.55","675.76K","-0.74%"
"May 21, 2020","9,106.25","9,079.45","9,178.55","9,056.10","631.54K","0.44%"
"May 20, 2020","9,066.55","8,889.15","9,093.80","8,875.35","622.31K","2.11%"
"May 19, 2020","8,879.10","8,961.70","9,030.35","8,855.30","762.15K","0.63%"
"May 18, 2020","8,823.25","9,158.30","9,158.30","8,806.75","772.98K","-3.43%"
"May 15, 2020","9,136.85","9,182.40","9,182.40","9,050.00","575.86K","-0.06%"
"May 14, 2020","9,142.75","9,213.95","9,281.10","9,119.75","602.56K","-2.57%"
"May 13, 2020","9,383.55","9,584.20","9,584.50","9,351.10","846.40K","2.03%"
"May 12, 2020","9,196.55","9,168.85","9,240.85","9,043.95","805.46K","-0.46%"
"May 11, 2020","9,239.20","9,348.15","9,439.90","9,219.95","704.65K","-0.13%"
"May 08, 2020","9,251.50","9,376.95","9,382.65","9,238.20","609.05K","0.57%"
"May 07, 2020","9,199.05","9,234.05","9,277.85","9,175.90","708.74K","-0.78%"
"May 06, 2020","9,270.90","9,226.80","9,346.90","9,116.50","722.19K","0.71%"
"May 05, 2020","9,205.60","9,429.40","9,450.90","9,190.75","725.20K","-0.95%"
"May 04, 2020","9,293.50","9,533.50","9,533.50","9,266.95","687.49K","-5.74%"
"Apr 30, 2020","9,859.90","9,753.50","9,889.05","9,731.50","931.17K","3.21%"
"Apr 29, 2020","9,553.35","9,408.60","9,599.85","9,392.35","653.03K","1.84%"
"Apr 28, 2020","9,380.90","9,389.80","9,404.40","9,260.00","614.55K","1.06%"
"Apr 27, 2020","9,282.30","9,259.70","9,377.10","9,250.35","512.79K","1.40%"
"Apr 24, 2020","9,154.40","9,163.90","9,296.90","9,141.30","659.44K","-1.71%"
"Apr 23, 2020","9,313.90","9,232.35","9,343.60","9,170.15","666.65K","1.38%"
"Apr 22, 2020","9,187.30","9,026.75","9,209.75","8,946.25","734.38K","2.29%"
"Apr 21, 2020","8,981.45","9,016.95","9,044.40","8,909.40","655.12K","-3.03%"
"Apr 20, 2020","9,261.85","9,390.20","9,390.85","9,230.80","726.37K","-0.05%"
"Apr 17, 2020","9,266.75","9,323.45","9,324.00","9,091.35","684.21K","3.05%"
"Apr 16, 2020","8,992.80","8,851.25","9,053.75","8,821.90","719.44K","0.76%"
"Apr 15, 2020","8,925.30","9,196.40","9,261.20","8,874.10","879.15K","-0.76%"
"Apr 13, 2020","8,993.85","9,103.95","9,112.05","8,912.40","643.97K","-1.30%"
"Apr 09, 2020","9,111.90","8,973.05","9,128.35","8,904.55","742.14K","4.15%"
"Apr 08, 2020","8,748.75","8,688.90","9,131.70","8,653.90","896.53K","-0.49%"
"Apr 07, 2020","8,792.20","8,446.30","8,819.40","8,360.95","814.18K","8.76%"
"Apr 03, 2020","8,083.80","8,356.55","8,356.55","8,055.80","697.03K","-2.06%"
"Apr 01, 2020","8,253.80","8,584.10","8,588.10","8,198.35","506.34K","-4.00%"
"Mar 31, 2020","8,597.75","8,529.35","8,678.30","8,358.00","712.66K","3.82%"
"Mar 30, 2020","8,281.10","8,385.95","8,576.00","8,244.00","593.25K","-4.38%"
"Mar 27, 2020","8,660.25","8,949.10","9,038.90","8,522.90","801.45K","0.22%"
"Mar 26, 2020","8,641.45","8,451.00","8,749.05","8,304.90","865.59K","3.89%"
"Mar 25, 2020","8,317.85","7,735.15","8,376.75","7,714.75","736.87K","6.62%"
"Mar 24, 2020","7,801.05","7,848.30","8,036.95","7,511.10","738.43K","2.51%"
"Mar 23, 2020","7,610.25","7,945.70","8,159.25","7,583.60","653.54K","-12.98%"
"Mar 20, 2020","8,745.45","8,284.45","8,883.00","8,178.20","1.07M","5.83%"
"Mar 19, 2020","8,263.45","8,063.30","8,575.45","7,832.55","925.72K","-2.42%"
"Mar 18, 2020","8,468.80","9,088.45","9,127.55","8,407.05","1.52M","-5.56%"
"Mar 17, 2020","8,967.05","9,285.40","9,403.80","8,915.60","935.62K","-2.50%"
"Mar 16, 2020","9,197.40","9,587.80","9,602.20","9,165.10","897.73K","-7.61%"
"Mar 13, 2020","9,955.20","9,107.60","10,159.40","8,555.15","1.39M","3.81%"
"Mar 12, 2020","9,590.15","10,039.95","10,040.75","9,508.00","1.34M","-8.30%"
"Mar 11, 2020","10,458.40","10,334.30","10,545.10","10,334.00","1.22M","0.07%"
"Mar 09, 2020","10,451.45","10,742.05","10,751.55","10,294.45","1.57M","-4.90%"
"Mar 06, 2020","10,989.45","10,942.65","11,035.10","10,827.40","1.81M","-2.48%"
"Mar 05, 2020","11,269.00","11,306.05","11,389.50","11,244.60","1.35M","0.16%"
"Mar 04, 2020","11,251.00","11,351.35","11,356.60","11,082.15","797.65K","-0.46%"
"Mar 03, 2020","11,303.30","11,217.55","11,342.25","11,152.55","696.52K","1.53%"
"Mar 02, 2020","11,132.75","11,387.35","11,433.00","11,036.25","680.80K","-0.62%"
"Feb 28, 2020","11,201.75","11,382.00","11,384.80","11,175.05","809.90K","-3.71%"
"Feb 27, 2020","11,633.30","11,661.25","11,663.85","11,536.70","608.61K","-0.39%"
"Feb 26, 2020","11,678.50","11,738.55","11,783.25","11,639.60","567.63K","-1.01%"
"Feb 25, 2020","11,797.90","11,877.50","11,883.05","11,779.90","461.00K","-0.27%"
"Feb 24, 2020","11,829.40","12,012.55","12,012.55","11,813.40","490.80K","-2.08%"
"Feb 20, 2020","12,080.85","12,119.00","12,152.00","12,071.45","502.61K","-0.37%"
"Feb 19, 2020","12,125.90","12,090.60","12,134.70","12,042.10","513.57K","1.11%"
"Feb 18, 2020","11,992.50","12,028.25","12,030.75","11,908.05","676.85K","-0.44%"
"Feb 17, 2020","12,045.80","12,131.80","12,159.60","12,037.00","455.19K","-0.56%"
"Feb 14, 2020","12,113.45","12,190.15","12,246.70","12,091.20","622.78K","-0.50%"
"Feb 13, 2020","12,174.65","12,219.55","12,225.65","12,139.80","501.19K","-0.22%"
"Feb 12, 2020","12,201.20","12,151.00","12,231.75","12,144.30","411.73K","0.77%"
"Feb 11, 2020","12,107.90","12,108.40","12,172.30","12,099.00","479.98K","0.64%"
"Feb 10, 2020","12,031.50","12,102.35","12,103.55","11,990.75","524.71K","-0.55%"
"Feb 07, 2020","12,098.35","12,151.15","12,154.70","12,073.95","473.48K","-0.33%"
"Feb 06, 2020","12,137.95","12,120.00","12,160.60","12,084.65","565.12K","0.40%"
"Feb 05, 2020","12,089.15","12,005.85","12,098.15","11,953.35","758.03K","0.91%"
"Feb 04, 2020","11,979.65","11,786.25","11,986.15","11,783.40","560.43K","2.32%"
"Feb 03, 2020","11,707.90","11,627.45","11,749.85","11,614.50","669.82K","-2.13%"
"Jan 31, 2020","11,962.10","12,100.40","12,103.55","11,945.85","771.28K","-0.61%"
"Jan 30, 2020","12,035.80","12,147.75","12,150.30","12,010.60","538.14K","-0.77%"
"Jan 29, 2020","12,129.50","12,114.90","12,169.60","12,103.80","514.36K","0.61%"
"Jan 28, 2020","12,055.80","12,148.10","12,163.55","12,024.50","478.48K","-0.52%"
"Jan 27, 2020","12,119.00","12,197.10","12,216.60","12,107.00","441.16K","-1.06%"
"Jan 24, 2020","12,248.25","12,174.55","12,272.15","12,149.65","593.24K","0.56%"
"Jan 23, 2020","12,180.35","12,123.75","12,189.00","12,094.10","867.65K","0.61%"
"Jan 22, 2020","12,106.90","12,218.35","12,225.05","12,087.90","526.30K","-0.52%"
"Jan 21, 2020","12,169.85","12,195.30","12,230.05","12,162.30","443.98K","-0.45%"
"Jan 20, 2020","12,224.55","12,430.50","12,430.50","12,216.90","491.61K","-1.03%"
"Jan 17, 2020","12,352.35","12,328.40","12,385.45","12,321.40","502.06K","-0.03%"
"Jan 16, 2020","12,355.50","12,347.10","12,389.05","12,315.80","395.67K","0.10%"
"Jan 15, 2020","12,343.30","12,349.40","12,355.15","12,278.75","684.35K","-0.15%"
"Jan 14, 2020","12,362.30","12,333.10","12,374.25","12,308.70","616.26K","0.27%"
"Jan 13, 2020","12,329.55","12,296.70","12,337.75","12,285.80","500.97K","0.59%"
"Jan 10, 2020","12,256.80","12,271.00","12,311.20","12,213.20","660.63K","0.33%"
"Jan 09, 2020","12,215.90","12,153.15","12,224.05","12,132.55","477.47K","1.58%"
"Jan 08, 2020","12,025.35","11,939.10","12,044.95","11,929.60","445.99K","-0.23%"
"Jan 07, 2020","12,052.95","12,079.10","12,152.15","12,005.35","447.82K","0.50%"
"Jan 06, 2020","11,993.05","12,170.60","12,179.10","11,974.20","396.50K","-1.91%"
"Jan 03, 2020","12,226.65","12,261.10","12,265.60","12,191.35","428.77K","-0.45%"
"Jan 02, 2020","12,282.20","12,198.55","12,289.90","12,195.25","407.70K","0.82%"
"Jan 01, 2020","12,182.50","12,202.15","12,222.20","12,165.30","304.08K","0.12%"
"Dec 31, 2019","12,168.45","12,247.10","12,247.10","12,151.80","426.93K","-0.71%"
"Dec 30, 2019","12,255.85","12,274.90","12,286.45","12,213.80","411.09K","0.08%"
"Dec 27, 2019","12,245.80","12,172.90","12,258.45","12,157.90","383.79K","0.98%"
"Dec 26, 2019","12,126.55","12,211.85","12,221.55","12,118.85","520.33K","-0.72%"
"Dec 24, 2019","12,214.55","12,269.25","12,283.70","12,202.10","470.29K","-0.39%"
"Dec 23, 2019","12,262.75","12,235.45","12,287.15","12,213.25","604.78K","-0.07%"
"Dec 20, 2019","12,271.80","12,266.45","12,293.90","12,252.75","810.68K","0.10%"
"Dec 19, 2019","12,259.70","12,223.40","12,268.35","12,191.15","623.05K","0.31%"
"Dec 18, 2019","12,221.65","12,197.00","12,237.70","12,163.45","518.86K","0.47%"
"Dec 17, 2019","12,165.00","12,082.45","12,182.75","12,070.35","499.59K","0.92%"
"Dec 16, 2019","12,053.95","12,131.35","12,134.65","12,046.30","437.70K","-0.27%"
"Dec 13, 2019","12,086.70","12,026.40","12,098.85","12,023.60","597.71K","0.96%"
"Dec 12, 2019","11,971.80","11,944.30","12,005.50","11,934.00","752.62K","0.52%"
"Dec 11, 2019","11,910.15","11,867.35","11,923.20","11,832.30","997.66K","0.45%"
"Dec 10, 2019","11,856.80","11,950.50","11,953.20","11,844.70","650.22K","-0.68%"
"Dec 09, 2019","11,937.50","11,939.10","11,981.95","11,888.05","599.12K","0.13%"
"Dec 06, 2019","11,921.50","12,047.35","12,057.05","11,888.85","609.22K","-0.81%"
"Dec 05, 2019","12,018.40","12,071.25","12,081.20","11,998.75","562.23K","-0.21%"
"Dec 04, 2019","12,043.20","11,969.95","12,054.70","11,935.30","747.19K","0.41%"
"Dec 03, 2019","11,994.20","12,067.65","12,068.60","11,956.40","605.79K","-0.45%"
"Dec 02, 2019","12,048.20","12,137.05","12,137.15","12,023.70","720.95K","-0.07%"
"Nov 29, 2019","12,056.05","12,146.20","12,147.40","12,017.40","804.43K","-0.78%"
"Nov 28, 2019","12,151.15","12,132.10","12,158.80","12,099.95","620.48K","0.42%"
"Nov 27, 2019","12,100.70","12,068.50","12,114.90","12,055.15","584.23K","0.52%"
"Nov 26, 2019","12,037.70","12,110.20","12,132.45","12,006.35","1.20M","-0.30%"
"Nov 25, 2019","12,073.75","11,922.45","12,084.50","11,919.75","534.29K","1.34%"
"Nov 22, 2019","11,914.40","11,967.30","11,968.10","11,883.50","486.82K","-0.45%"
"Nov 21, 2019","11,968.40","12,025.65","12,028.20","11,956.90","557.69K","-0.26%"
"Nov 20, 2019","11,999.10","12,004.75","12,038.60","11,966.05","646.66K","0.49%"
"Nov 19, 2019","11,940.10","11,919.45","11,958.85","11,881.75","613.91K","0.47%"
"Nov 18, 2019","11,884.50","11,915.15","11,946.20","11,867.60","514.35K","-0.09%"
"Nov 15, 2019","11,895.45","11,904.20","11,973.65","11,879.25","580.15K","0.20%"
"Nov 14, 2019","11,872.10","11,858.75","11,895.65","11,802.65","559.49K","0.27%"
"Nov 13, 2019","11,840.45","11,908.30","11,946.80","11,823.20","659.04K","-0.61%"
"Nov 11, 2019","11,913.45","11,879.20","11,932.65","11,853.95","548.98K","0.04%"
"Nov 08, 2019","11,908.15","11,987.15","12,034.15","11,888.75","789.25K","-0.86%"
"Nov 07, 2019","12,012.05","12,021.10","12,021.40","11,946.85","562.96K","0.38%"
"Nov 06, 2019","11,966.05","11,911.50","12,002.90","11,850.25","603.35K","0.41%"
"Nov 05, 2019","11,917.20","11,974.60","11,978.95","11,861.90","631.95K","-0.20%"
"Nov 04, 2019","11,941.30","11,928.90","11,989.15","11,905.35","823.05K","0.43%"
"Nov 01, 2019","11,890.60","11,886.60","11,918.30","11,843.35","855.34K","0.11%"
"Oct 31, 2019","11,877.45","11,890.45","11,945.00","11,855.10","1.41M","0.28%"
"Oct 30, 2019","11,844.10","11,883.90","11,883.95","11,784.45","725.22K","0.49%"
"Oct 29, 2019","11,786.85","11,643.95","11,809.40","11,627.35","951.72K","1.75%"
"Oct 25, 2019","11,583.90","11,646.15","11,646.90","11,490.75","812.03K","0.01%"
"Oct 24, 2019","11,582.60","11,661.65","11,679.60","11,534.65","700.48K","-0.19%"
"Oct 23, 2019","11,604.10","11,596.20","11,651.60","11,554.40","664.16K","0.14%"
"Oct 22, 2019","11,588.35","11,657.15","11,714.35","11,573.65","867.60K","-0.63%"
"Oct 18, 2019","11,661.85","11,580.30","11,684.70","11,553.15","853.44K","0.65%"
"Oct 17, 2019","11,586.35","11,466.30","11,599.10","11,439.65","797.57K","1.07%"
"Oct 16, 2019","11,464.00","11,464.95","11,481.05","11,411.10","533.47K","0.31%"
"Oct 15, 2019","11,428.30","11,360.85","11,462.35","11,342.10","527.40K","0.77%"
"Oct 14, 2019","11,341.15","11,335.90","11,420.45","11,290.05","587.58K","0.32%"
"Oct 11, 2019","11,305.05","11,257.70","11,362.90","11,189.40","737.80K","0.63%"
"Oct 10, 2019","11,234.55","11,280.50","11,293.35","11,208.55","562.02K","-0.70%"
"Oct 09, 2019","11,313.30","11,152.95","11,321.60","11,090.15","741.15K","1.68%"
"Oct 07, 2019","11,126.40","11,196.20","11,233.85","11,112.65","733.20K","-0.43%"
"Oct 04, 2019","11,174.75","11,388.45","11,400.30","11,158.35","928.52K","-1.23%"
"Oct 03, 2019","11,314.00","11,322.25","11,370.40","11,257.35","1.02M","-0.40%"
"Oct 01, 2019","11,359.90","11,515.40","11,554.20","11,247.90","1.31M","-1.00%"
"Sep 30, 2019","11,474.45","11,491.15","11,508.25","11,390.80","756.85K","-0.33%"
"Sep 27, 2019","11,512.40","11,556.35","11,593.60","11,499.75","650.02K","-0.51%"
"Sep 26, 2019","11,571.20","11,469.85","11,610.85","11,466.35","844.47K","1.15%"
"Sep 25, 2019","11,440.20","11,564.85","11,564.95","11,416.10","629.06K","-1.28%"
"Sep 24, 2019","11,588.20","11,590.70","11,655.05","11,539.20","651.72K","-0.10%"
"Sep 23, 2019","11,600.20","11,542.70","11,694.85","11,471.35","882.83K","2.89%"
"Sep 20, 2019","11,274.20","10,746.80","11,381.90","10,691.00","1.36M","5.32%"
"Sep 19, 2019","10,704.80","10,845.20","10,845.20","10,670.25","642.60K","-1.25%"
"Sep 18, 2019","10,840.65","10,872.80","10,885.15","10,804.85","519.16K","0.21%"
"Sep 17, 2019","10,817.60","11,000.10","11,000.10","10,796.50","482.01K","-1.69%"
"Sep 16, 2019","11,003.50","10,994.85","11,052.70","10,968.20","434.45K","-0.65%"
"Sep 13, 2019","11,075.90","10,986.80","11,084.45","10,945.75","624.31K","0.85%"
"Sep 12, 2019","10,982.80","11,058.30","11,081.75","10,964.95","551.44K","-0.48%"
"Sep 11, 2019","11,035.70","11,028.50","11,054.80","11,011.65","687.14K","0.30%"
"Sep 09, 2019","11,003.05","10,936.70","11,028.85","10,889.80","412.47K","0.52%"
"Sep 06, 2019","10,946.20","10,883.80","10,957.05","10,867.45","497.21K","0.91%"
"Sep 05, 2019","10,847.90","10,860.95","10,920.10","10,816.00","595.70K","0.03%"
"Sep 04, 2019","10,844.65","10,790.40","10,858.75","10,746.35","508.78K","0.43%"
"Sep 03, 2019","10,797.90","10,960.95","10,967.50","10,772.70","483.04K","-2.04%"
"Aug 30, 2019","11,023.25","10,987.80","11,042.60","10,874.80","628.15K","0.68%"
"Aug 29, 2019","10,948.30","10,996.05","11,021.10","10,922.40","649.88K","-0.89%"
"Aug 28, 2019","11,046.10","11,101.30","11,129.65","10,987.65","549.96K","-0.53%"
"Aug 27, 2019","11,105.35","11,106.55","11,141.75","11,049.50","685.55K","0.43%"
"Aug 26, 2019","11,057.85","11,000.30","11,070.30","10,756.55","684.14K","2.11%"
"Aug 23, 2019","10,829.35","10,699.60","10,862.55","10,637.15","667.08K","0.82%"
"Aug 22, 2019","10,741.35","10,905.30","10,908.25","10,718.30","668.19K","-1.62%"
"Aug 21, 2019","10,918.70","11,018.15","11,034.20","10,906.65","557.87K","-0.89%"
"Aug 20, 2019","11,017.00","11,063.90","11,076.30","10,985.30","444.72K","-0.33%"
"Aug 19, 2019","11,053.90","11,094.80","11,146.90","11,037.85","369.49K","0.06%"
"Aug 16, 2019","11,047.80","11,043.65","11,068.65","10,924.30","470.91K","0.17%"
"Aug 14, 2019","11,029.40","11,003.25","11,078.15","10,935.60","511.54K","0.95%"
"Aug 13, 2019","10,925.85","11,139.40","11,145.90","10,901.60","624.64K","-1.65%"
"Aug 09, 2019","11,109.65","11,087.90","11,181.45","11,062.80","538.06K","0.70%"
"Aug 08, 2019","11,032.45","10,899.20","11,058.05","10,842.95","482.47K","1.63%"
"Aug 07, 2019","10,855.50","10,958.10","10,975.65","10,835.90","548.47K","-0.85%"
"Aug 06, 2019","10,948.25","10,815.40","11,018.55","10,813.80","517.89K","0.79%"
"Aug 05, 2019","10,862.60","10,895.80","10,895.80","10,782.60","506.56K","-1.23%"
"Aug 02, 2019","10,997.35","10,930.30","11,080.15","10,848.95","547.42K","0.16%"
"Aug 01, 2019","10,980.00","11,060.20","11,076.75","10,881.00","499.92K","-1.24%"
"Jul 31, 2019","11,118.00","11,034.05","11,145.30","10,999.40","536.69K","0.29%"
"Jul 30, 2019","11,085.40","11,213.70","11,267.45","11,072.65","479.06K","-0.93%"
"Jul 29, 2019","11,189.20","11,307.50","11,310.95","11,152.40","482.86K","-0.84%"
"Jul 26, 2019","11,284.30","11,247.45","11,307.60","11,210.05","522.67K","0.29%"
"Jul 25, 2019","11,252.15","11,290.40","11,361.40","11,239.35","553.68K","-0.17%"
"Jul 24, 2019","11,271.30","11,322.45","11,359.75","11,229.80","413.20K","-0.53%"
"Jul 23, 2019","11,331.05","11,372.25","11,398.15","11,302.80","458.93K","-0.13%"
"Jul 22, 2019","11,346.20","11,392.85","11,398.15","11,301.25","516.04K","-0.64%"
"Jul 19, 2019","11,419.25","11,627.95","11,640.35","11,399.30","446.05K","-1.53%"
"Jul 18, 2019","11,596.90","11,675.60","11,677.15","11,582.40","498.26K","-0.78%"
"Jul 17, 2019","11,687.50","11,670.75","11,706.65","11,651.15","464.83K","0.21%"
"Jul 16, 2019","11,662.60","11,596.65","11,670.05","11,573.95","480.16K","0.64%"
"Jul 15, 2019","11,588.35","11,614.75","11,618.40","11,532.30","368.79K","0.31%"
"Jul 12, 2019","11,552.50","11,601.15","11,639.55","11,538.60","359.42K","-0.26%"
"Jul 11, 2019","11,582.90","11,561.45","11,599.00","11,519.50","317.26K","0.73%"
"Jul 10, 2019","11,498.90","11,536.15","11,593.70","11,475.65","337.57K","-0.49%"
"Jul 09, 2019","11,555.90","11,531.60","11,582.55","11,461.00","442.52K","-0.02%"
"Jul 08, 2019","11,558.60","11,770.40","11,771.90","11,523.30","464.03K","-2.14%"
"Jul 05, 2019","11,811.15","11,964.75","11,981.75","11,797.90","530.72K","-1.14%"
"Jul 04, 2019","11,946.75","11,928.80","11,969.25","11,923.65","333.60K","0.25%"
"Jul 03, 2019","11,916.75","11,932.15","11,945.20","11,887.05","340.53K","0.05%"
"Jul 02, 2019","11,910.30","11,890.30","11,917.45","11,814.70","363.20K","0.38%"
"Jul 01, 2019","11,865.60","11,839.90","11,884.65","11,830.80","278.42K","0.65%"
"Jun 28, 2019","11,788.85","11,861.15","11,871.70","11,775.50","303.89K","-0.45%"
"Jun 27, 2019","11,841.55","11,860.85","11,911.15","11,821.05","480.17K","-0.05%"
"Jun 26, 2019","11,847.55","11,768.15","11,871.85","11,757.55","327.89K","0.43%"
"Jun 25, 2019","11,796.45","11,681.00","11,814.40","11,651.00","300.48K","0.83%"
"Jun 24, 2019","11,699.65","11,725.80","11,754.00","11,670.20","277.62K","-0.21%"
"Jun 21, 2019","11,724.10","11,827.60","11,827.95","11,705.10","468.43K","-0.91%"
"Jun 20, 2019","11,831.75","11,653.65","11,843.50","11,635.05","442.02K","1.20%"
"Jun 19, 2019","11,691.45","11,744.45","11,802.50","11,625.10","446.93K","-0.00%"
"Jun 18, 2019","11,691.50","11,677.05","11,727.20","11,641.15","365.53K","0.17%"
"Jun 17, 2019","11,672.15","11,844.00","11,844.05","11,657.75","295.53K","-1.28%"
"Jun 14, 2019","11,823.30","11,910.10","11,911.85","11,797.70","390.30K","-0.76%"
"Jun 13, 2019","11,914.05","11,873.90","11,931.35","11,817.05","447.90K","0.07%"
"Jun 12, 2019","11,906.20","11,962.45","11,962.45","11,866.35","283.72K","-0.50%"
"Jun 11, 2019","11,965.60","11,959.85","12,000.35","11,904.35","332.18K","0.36%"
"Jun 10, 2019","11,922.70","11,934.90","11,975.05","11,871.75","303.33K","0.44%"
"Jun 07, 2019","11,870.65","11,865.20","11,897.50","11,769.50","302.46K","0.23%"
"Jun 06, 2019","11,843.75","12,039.80","12,039.80","11,830.25","415.21K","-1.48%"
"Jun 04, 2019","12,021.65","12,052.65","12,095.20","12,005.85","289.22K","-0.55%"
"Jun 03, 2019","12,088.55","11,953.75","12,103.05","11,920.10","315.30K","1.39%"
"May 31, 2019","11,922.80","11,999.80","12,039.25","11,829.45","438.88K","-0.19%"
"May 30, 2019","11,945.90","11,865.30","11,968.55","11,859.40","421.20K","0.71%"
"May 29, 2019","11,861.10","11,905.80","11,931.90","11,836.80","318.07K","-0.57%"
"May 28, 2019","11,928.75","11,958.35","11,958.55","11,864.90","598.31K","0.03%"
"May 27, 2019","11,924.75","11,855.50","11,957.15","11,812.40","348.36K","0.68%"
"May 24, 2019","11,844.10","11,748.00","11,859.00","11,658.10","374.64K","1.60%"
"May 23, 2019","11,657.05","11,901.30","12,041.15","11,614.50","569.03K","-0.69%"
"May 22, 2019","11,737.90","11,727.95","11,784.80","11,682.40","355.87K","0.25%"
"May 21, 2019","11,709.10","11,863.65","11,883.55","11,682.80","381.04K","-1.01%"
"May 20, 2019","11,828.25","11,651.90","11,845.20","11,591.70","452.10K","3.69%"
"May 17, 2019","11,407.15","11,261.90","11,426.15","11,259.85","412.11K","1.33%"
"May 16, 2019","11,257.10","11,180.35","11,281.55","11,143.35","350.74K","0.90%"
"May 15, 2019","11,157.00","11,271.70","11,286.80","11,136.95","414.17K","-0.58%"
"May 14, 2019","11,222.05","11,151.65","11,294.75","11,108.30","398.12K","0.66%"
"May 13, 2019","11,148.20","11,258.70","11,300.20","11,125.60","357.59K","-1.16%"
"May 10, 2019","11,278.90","11,314.15","11,345.80","11,251.05","387.32K","-0.20%"
"May 09, 2019","11,301.80","11,322.40","11,357.60","11,255.05","373.03K","-0.51%"
"May 08, 2019","11,359.45","11,478.70","11,479.10","11,346.95","372.83K","-1.20%"
"May 07, 2019","11,497.90","11,651.50","11,657.05","11,484.45","337.50K","-0.87%"
"May 06, 2019","11,598.25","11,605.80","11,632.55","11,571.35","299.05K","-0.97%"
"May 03, 2019","11,712.25","11,722.60","11,770.90","11,699.35","305.52K","-0.11%"
"May 02, 2019","11,724.75","11,725.55","11,789.30","11,699.55","380.28K","-0.20%"
"Apr 30, 2019","11,748.15","11,748.75","11,756.25","11,655.90","532.63K","-0.06%"
"Apr 26, 2019","11,754.65","11,683.75","11,762.90","11,661.75","333.48K","0.97%"
"Apr 25, 2019","11,641.80","11,735.70","11,796.75","11,624.30","604.36K","-0.72%"
"Apr 24, 2019","11,726.15","11,601.50","11,740.85","11,578.85","335.20K","1.30%"
"Apr 23, 2019","11,575.95","11,612.95","11,645.95","11,564.80","272.54K","-0.16%"
"Apr 22, 2019","11,594.45","11,727.05","11,727.05","11,583.95","260.36K","-1.35%"
"Apr 18, 2019","11,752.80","11,856.15","11,856.15","11,738.50","339.65K","-0.29%"
"Apr 16, 2019","11,787.15","11,736.20","11,810.95","11,731.55","354.32K","0.83%"
"Apr 15, 2019","11,690.35","11,667.00","11,704.60","11,648.25","290.00K","0.40%"
"Apr 12, 2019","11,643.45","11,612.85","11,657.35","11,578.80","246.01K","0.40%"
"Apr 11, 2019","11,596.70","11,592.55","11,606.70","11,550.55","279.78K","0.11%"
"Apr 10, 2019","11,584.30","11,646.85","11,680.05","11,571.75","359.94K","-0.75%"
"Apr 09, 2019","11,671.95","11,612.05","11,683.90","11,569.70","300.47K","0.58%"
"Apr 08, 2019","11,604.50","11,704.35","11,710.30","11,549.10","260.93K","-0.53%"
"Apr 05, 2019","11,665.95","11,638.40","11,689.65","11,609.50","266.67K","0.59%"
"Apr 04, 2019","11,598.00","11,660.20","11,662.55","11,559.20","349.03K","-0.39%"
"Apr 03, 2019","11,643.95","11,735.30","11,761.00","11,629.15","365.76K","-0.59%"
"Apr 02, 2019","11,713.20","11,711.55","11,729.35","11,655.85","386.13K","0.38%"
"Apr 01, 2019","11,669.15","11,665.20","11,738.10","11,644.75","379.57K","0.39%"
"Mar 29, 2019","11,623.90","11,625.45","11,630.35","11,570.15","416.28K","0.47%"
"Mar 28, 2019","11,570.00","11,463.65","11,588.50","11,452.45","527.68K","1.09%"
"Mar 27, 2019","11,445.05","11,531.45","11,546.20","11,413.00","350.45K","-0.33%"
"Mar 26, 2019","11,483.25","11,375.20","11,496.75","11,352.45","282.58K","1.14%"
"Mar 25, 2019","11,354.25","11,395.65","11,395.65","11,311.60","294.46K","-0.90%"
"Mar 22, 2019","11,456.90","11,549.20","11,572.80","11,434.55","386.19K","-0.56%"
"Mar 20, 2019","11,521.05","11,553.35","11,556.10","11,503.10","366.30K","-0.10%"
"Mar 19, 2019","11,532.40","11,500.30","11,543.85","11,451.25","326.10K","0.61%"
"Mar 18, 2019","11,462.20","11,473.85","11,530.15","11,412.50","320.25K","0.31%"
"Mar 15, 2019","11,426.85","11,376.85","11,487.00","11,370.80","463.71K","0.74%"
"Mar 14, 2019","11,343.25","11,382.50","11,383.45","11,313.75","294.48K","0.01%"
"Mar 13, 2019","11,341.70","11,326.20","11,352.30","11,276.60","383.00K","0.36%"
"Mar 12, 2019","11,301.20","11,231.35","11,320.40","11,227.00","391.31K","1.19%"
"Mar 11, 2019","11,168.05","11,068.75","11,180.90","11,059.85","352.24K","1.20%"
"Mar 08, 2019","11,035.40","11,038.85","11,049.00","11,008.95","326.57K","-0.21%"
"Mar 07, 2019","11,058.20","11,077.95","11,089.05","11,027.10","321.21K","0.05%"
"Mar 06, 2019","11,053.00","11,024.85","11,062.30","10,998.85","372.55K","0.60%"
"Mar 05, 2019","10,987.45","10,864.85","10,994.90","10,817.00","373.22K","1.14%"
"Mar 01, 2019","10,863.50","10,842.65","10,877.90","10,823.10","308.53K","0.66%"
"Feb 28, 2019","10,792.50","10,865.70","10,865.70","10,784.85","644.16K","-0.13%"
"Feb 27, 2019","10,806.65","10,881.20","10,939.70","10,751.20","381.08K","-0.26%"
"Feb 26, 2019","10,835.30","10,775.30","10,888.75","10,729.30","414.95K","-0.41%"
"Feb 25, 2019","10,880.10","10,813.25","10,887.10","10,788.05","385.91K","0.82%"
"Feb 22, 2019","10,791.65","10,782.70","10,801.55","10,758.40","396.85K","0.02%"
"Feb 21, 2019","10,789.85","10,744.10","10,808.85","10,721.50","279.59K","0.51%"
"Feb 20, 2019","10,735.45","10,655.45","10,752.70","10,646.40","289.20K","1.24%"
"Feb 19, 2019","10,604.35","10,636.70","10,722.85","10,585.65","291.51K","-0.34%"
"Feb 18, 2019","10,640.95","10,738.65","10,759.90","10,628.40","345.44K","-0.78%"
"Feb 15, 2019","10,724.40","10,780.25","10,785.75","10,620.40","521.88K","-0.20%"
"Feb 14, 2019","10,746.05","10,786.10","10,792.70","10,718.75","627.04K","-0.44%"
"Feb 13, 2019","10,793.65","10,870.55","10,891.65","10,772.10","321.96K","-0.35%"
"Feb 12, 2019","10,831.40","10,879.70","10,910.90","10,823.80","292.32K","-0.53%"
"Feb 11, 2019","10,888.80","10,930.90","10,930.90","10,857.10","285.99K","-0.50%"
"Feb 08, 2019","10,943.60","11,023.50","11,041.20","10,925.45","352.79K","-1.14%"
"Feb 07, 2019","11,069.40","11,070.45","11,118.10","11,043.60","263.54K","0.06%"
"Feb 06, 2019","11,062.45","10,965.10","11,072.60","10,962.70","298.51K","1.17%"
"Feb 05, 2019","10,934.35","10,908.65","10,956.70","10,886.70","268.10K","0.20%"
"Feb 04, 2019","10,912.25","10,876.75","10,927.90","10,814.15","318.30K","0.17%"
"Feb 01, 2019","10,893.65","10,851.35","10,983.45","10,813.45","482.27K","0.58%"
"Jan 31, 2019","10,830.95","10,690.55","10,838.05","10,678.55","604.82K","1.68%"
"Jan 30, 2019","10,651.80","10,702.25","10,710.20","10,612.85","410.11K","-0.00%"
"Jan 29, 2019","10,652.20","10,653.70","10,690.35","10,583.65","356.91K","-0.09%"
"Jan 28, 2019","10,661.55","10,792.45","10,804.45","10,630.95","419.68K","-1.10%"
"Jan 25, 2019","10,780.55","10,859.75","10,931.70","10,756.45","463.45K","-0.64%"
"Jan 24, 2019","10,849.80","10,844.05","10,866.60","10,798.65","361.08K","0.17%"
"Jan 23, 2019","10,831.50","10,931.05","10,944.80","10,811.95","298.88K","-0.84%"
"Jan 22, 2019","10,922.75","10,949.80","10,949.80","10,864.15","300.77K","-0.36%"
"Jan 21, 2019","10,961.85","10,919.35","10,987.45","10,885.75","288.83K","0.50%"
"Jan 18, 2019","10,906.95","10,914.85","10,928.20","10,852.20","323.81K","0.02%"
"Jan 17, 2019","10,905.20","10,920.85","10,930.65","10,844.65","271.68K","0.14%"
"Jan 16, 2019","10,890.30","10,899.65","10,928.15","10,876.90","276.54K","0.03%"
"Jan 15, 2019","10,886.80","10,777.55","10,896.95","10,777.55","310.74K","1.39%"
"Jan 14, 2019","10,737.60","10,807.00","10,808.00","10,692.35","298.77K","-0.53%"
"Jan 11, 2019","10,794.95","10,834.75","10,850.15","10,739.40","260.79K","-0.25%"
"Jan 10, 2019","10,821.60","10,859.35","10,859.35","10,801.80","254.37K","-0.31%"
"Jan 09, 2019","10,855.15","10,862.40","10,870.40","10,749.40","333.01K","0.49%"
"Jan 08, 2019","10,802.15","10,786.25","10,818.45","10,733.25","277.70K","0.28%"
"Jan 07, 2019","10,771.80","10,804.85","10,835.95","10,750.15","269.37K","0.41%"
"Jan 04, 2019","10,727.35","10,699.70","10,741.05","10,628.65","296.60K","0.52%"
"Jan 03, 2019","10,672.25","10,796.80","10,814.05","10,661.25","286.24K","-1.11%"
"Jan 02, 2019","10,792.50","10,868.85","10,895.35","10,735.05","309.67K","-1.08%"
"Jan 01, 2019","10,910.10","10,881.70","10,923.60","10,807.10","159.41K","0.44%"
"Dec 31, 2018","10,862.55","10,913.20","10,923.55","10,853.20","186.50K","0.02%"
"Dec 28, 2018","10,859.90","10,820.95","10,893.60","10,817.15","253.09K","0.74%"
"Dec 27, 2018","10,779.80","10,817.90","10,834.20","10,764.45","470.16K","0.47%"
"Dec 26, 2018","10,729.85","10,635.45","10,747.50","10,534.55","271.94K","0.62%"
"Dec 24, 2018","10,663.50","10,780.90","10,782.30","10,649.25","230.29K","-0.84%"
"Dec 21, 2018","10,754.00","10,944.25","10,963.65","10,738.65","389.24K","-1.81%"
"Dec 20, 2018","10,951.70","10,885.20","10,962.55","10,880.05","328.80K","-0.14%"
"Dec 19, 2018","10,967.30","10,930.55","10,985.15","10,928.00","321.80K","0.54%"
"Dec 18, 2018","10,908.70","10,850.90","10,915.40","10,819.10","294.94K","0.19%"
"Dec 17, 2018","10,888.35","10,853.20","10,900.35","10,844.85","306.15K","0.77%"
"Dec 14, 2018","10,805.45","10,784.50","10,815.75","10,752.10","350.58K","0.13%"
"Dec 13, 2018","10,791.55","10,810.75","10,838.60","10,749.50","387.81K","0.50%"
"Dec 12, 2018","10,737.60","10,591.00","10,752.20","10,560.80","371.70K","1.79%"
"Dec 11, 2018","10,549.15","10,350.05","10,567.15","10,333.85","438.70K","0.58%"
"Dec 10, 2018","10,488.45","10,508.70","10,558.85","10,474.95","393.10K","-1.92%"
"Dec 07, 2018","10,693.70","10,644.80","10,704.55","10,599.35","335.85K","0.87%"
"Dec 06, 2018","10,601.15","10,718.15","10,722.65","10,588.25","328.28K","-1.69%"
"Dec 05, 2018","10,782.90","10,820.45","10,821.05","10,747.95","322.02K","-0.80%"
"Dec 04, 2018","10,869.50","10,877.10","10,890.95","10,833.35","332.14K","-0.13%"
"Dec 03, 2018","10,883.75","10,930.70","10,941.20","10,845.35","422.36K","0.06%"
"Nov 30, 2018","10,876.75","10,892.10","10,922.45","10,835.10","467.86K","0.17%"
"Nov 29, 2018","10,858.70","10,808.70","10,883.05","10,782.35","712.65K","1.21%"
"Nov 28, 2018","10,728.85","10,708.75","10,757.80","10,699.85","437.63K","0.40%"
"Nov 27, 2018","10,685.60","10,621.45","10,695.15","10,596.35","382.83K","0.54%"
"Nov 26, 2018","10,628.60","10,568.30","10,637.80","10,489.75","332.86K","0.97%"
"Nov 22, 2018","10,526.75","10,612.65","10,646.25","10,512.00","246.93K","-0.69%"
"Nov 21, 2018","10,600.05","10,670.95","10,671.30","10,562.35","310.19K","-0.53%"
"Nov 20, 2018","10,656.20","10,740.10","10,740.85","10,640.85","304.32K","-1.00%"
"Nov 19, 2018","10,763.40","10,731.25","10,774.70","10,688.80","280.52K","0.76%"
"Nov 16, 2018","10,682.20","10,644.00","10,695.15","10,631.15","353.39K","0.62%"
"Nov 15, 2018","10,616.70","10,580.60","10,646.50","10,557.50","306.01K","0.38%"
"Nov 14, 2018","10,576.30","10,634.90","10,651.60","10,532.70","396.37K","-0.06%"
"Nov 13, 2018","10,582.50","10,451.90","10,596.25","10,440.55","262.54K","0.96%"
"Nov 12, 2018","10,482.20","10,607.80","10,645.50","10,464.05","267.71K","-0.97%"
"Nov 09, 2018","10,585.20","10,614.70","10,619.55","10,544.85","305.82K","-0.13%"
"Nov 07, 2018","10,598.85","10,614.45","10,616.45","10,591.80","2.83K","0.65%"
"Nov 06, 2018","10,530.00","10,552.00","10,600.25","10,491.45","309.88K","0.06%"
"Nov 05, 2018","10,524.00","10,558.75","10,558.80","10,477.00","311.18K","-0.27%"
"Nov 02, 2018","10,553.00","10,462.30","10,606.95","10,457.70","434.18K","1.66%"
"Nov 01, 2018","10,380.45","10,441.70","10,441.90","10,341.90","359.34K","-0.06%"
"Oct 31, 2018","10,386.60","10,209.55","10,396.00","10,105.10","386.62K","1.85%"
"Oct 30, 2018","10,198.40","10,239.40","10,285.10","10,175.35","298.75K","-0.51%"
"Oct 29, 2018","10,250.85","10,078.10","10,275.30","10,020.35","375.75K","2.20%"
"Oct 26, 2018","10,030.00","10,122.35","10,128.85","10,004.55","375.56K","-0.94%"
"Oct 25, 2018","10,124.90","10,135.05","10,166.60","10,079.30","522.42K","-0.98%"
"Oct 24, 2018","10,224.75","10,278.15","10,290.65","10,126.70","362.27K","0.77%"
"Oct 23, 2018","10,146.80","10,152.60","10,222.10","10,102.35","312.04K","-0.96%"
"Oct 22, 2018","10,245.25","10,405.85","10,408.55","10,224.00","306.47K","-0.57%"
"Oct 19, 2018","10,303.55","10,339.70","10,380.10","10,249.60","368.55K","-1.43%"
"Oct 17, 2018","10,453.05","10,688.70","10,710.15","10,436.45","293.59K","-1.24%"
"Oct 16, 2018","10,584.75","10,550.15","10,604.90","10,525.30","273.44K","0.69%"
"Oct 15, 2018","10,512.50","10,524.20","10,526.30","10,410.15","267.52K","0.38%"
"Oct 12, 2018","10,472.50","10,331.55","10,492.45","10,322.15","354.06K","2.32%"
"Oct 11, 2018","10,234.65","10,169.80","10,335.95","10,138.60","498.51K","-2.16%"
"Oct 10, 2018","10,460.10","10,331.85","10,482.35","10,318.25","373.84K","1.54%"
"Oct 09, 2018","10,301.05","10,390.30","10,397.60","10,279.35","443.80K","-0.45%"
"Oct 08, 2018","10,348.05","10,310.15","10,398.35","10,198.40","470.28K","0.31%"
"Oct 05, 2018","10,316.45","10,514.10","10,540.65","10,261.90","625.15K","-2.67%"
"Oct 04, 2018","10,599.25","10,754.70","10,754.70","10,547.25","438.20K","-2.39%"
"Oct 03, 2018","10,858.25","10,982.70","10,989.05","10,843.75","398.76K","-1.36%"
"Oct 01, 2018","11,008.30","10,930.90","11,035.65","10,821.55","398.99K","0.71%"
"Sep 28, 2018","10,930.45","11,008.10","11,034.10","10,850.30","492.89K","-0.43%"
"Sep 27, 2018","10,977.55","11,079.80","11,089.45","10,953.35","418.21K","-0.69%"
"Sep 26, 2018","11,053.80","11,145.55","11,145.55","10,993.05","351.04K","-0.12%"
"Sep 25, 2018","11,067.45","10,969.95","11,080.60","10,882.85","417.55K","0.91%"
"Sep 24, 2018","10,967.40","11,164.40","11,170.15","10,943.60","398.82K","-1.58%"
"Sep 21, 2018","11,143.10","11,271.30","11,346.80","10,866.45","741.15K","-0.81%"
"Sep 19, 2018","11,234.35","11,326.65","11,332.05","11,210.90","258.42K","-0.39%"
"Sep 18, 2018","11,278.90","11,381.55","11,411.45","11,268.95","248.30K","-0.87%"
"Sep 17, 2018","11,377.75","11,464.95","11,464.95","11,366.90","207.62K","-1.19%"
"Sep 14, 2018","11,515.20","11,443.50","11,523.25","11,430.55","285.22K","1.28%"
"Sep 12, 2018","11,369.90","11,340.10","11,380.75","11,250.20","276.51K","0.73%"
"Sep 11, 2018","11,287.50","11,476.85","11,479.40","11,274.00","318.09K","-1.32%"
"Sep 10, 2018","11,438.10","11,570.25","11,573.00","11,427.30","295.60K","-1.30%"
"Sep 07, 2018","11,589.10","11,558.25","11,603.00","11,484.40","305.03K","0.45%"
"Sep 06, 2018","11,536.90","11,514.15","11,562.25","11,436.05","255.56K","0.52%"
"Sep 05, 2018","11,476.95","11,514.85","11,542.65","11,393.85","253.69K","-0.38%"
"Sep 04, 2018","11,520.30","11,598.75","11,602.55","11,496.85","262.70K","-0.54%"
"Sep 03, 2018","11,582.35","11,751.80","11,751.80","11,567.40","241.73K","-0.84%"
"Aug 31, 2018","11,680.50","11,675.85","11,727.65","11,640.10","357.23K","0.03%"
"Aug 30, 2018","11,676.80","11,694.75","11,698.80","11,639.70","323.45K","-0.13%"
"Aug 29, 2018","11,691.90","11,744.95","11,753.20","11,678.85","259.35K","-0.40%"
"Aug 28, 2018","11,738.50","11,731.95","11,760.20","11,710.50","249.42K","0.40%"
"Aug 27, 2018","11,691.95","11,605.85","11,700.95","11,595.60","205.69K","1.17%"
"Aug 24, 2018","11,557.10","11,566.60","11,604.60","11,532.00","225.61K","-0.22%"
"Aug 23, 2018","11,582.75","11,620.70","11,620.70","11,546.70","256.16K","0.10%"
"Aug 21, 2018","11,570.90","11,576.20","11,581.75","11,539.60","231.06K","0.17%"
"Aug 20, 2018","11,551.75","11,502.10","11,565.30","11,499.65","239.84K","0.71%"
"Aug 17, 2018","11,470.75","11,437.15","11,486.45","11,431.80","241.99K","0.75%"
"Aug 16, 2018","11,385.05","11,397.15","11,449.85","11,366.25","299.61K","-0.44%"
"Aug 14, 2018","11,435.10","11,381.70","11,452.45","11,370.80","239.84K","0.70%"
"Aug 13, 2018","11,355.75","11,369.60","11,406.30","11,340.30","254.47K","-0.65%"
"Aug 10, 2018","11,429.50","11,474.95","11,478.75","11,419.65","336.42K","-0.36%"
"Aug 09, 2018","11,470.70","11,493.25","11,495.20","11,454.10","311.52K","0.18%"
"Aug 08, 2018","11,450.00","11,412.50","11,459.95","11,379.30","217.05K","0.53%"
"Aug 07, 2018","11,389.45","11,423.15","11,428.95","11,359.70","233.41K","0.02%"
"Aug 06, 2018","11,387.10","11,401.50","11,427.65","11,370.60","210.00K","0.23%"
"Aug 03, 2018","11,360.80","11,297.80","11,368.00","11,294.55","225.15K","1.03%"
"Aug 02, 2018","11,244.70","11,328.90","11,328.90","11,234.95","216.53K","-0.89%"
"Aug 01, 2018","11,346.20","11,359.80","11,390.55","11,313.55","278.01K","-0.09%"
"Jul 31, 2018","11,356.50","11,311.05","11,366.00","11,267.75","264.43K","0.33%"
"Jul 30, 2018","11,319.55","11,296.65","11,328.10","11,261.45","287.44K","0.37%"
"Jul 27, 2018","11,278.35","11,232.75","11,283.40","11,210.25","324.34K","0.99%"
"Jul 26, 2018","11,167.30","11,132.95","11,185.85","11,125.70","376.66K","0.32%"
"Jul 25, 2018","11,132.00","11,148.40","11,157.15","11,113.25","212.33K","-0.02%"
"Jul 24, 2018","11,134.30","11,109.00","11,143.40","11,092.50","212.25K","0.45%"
"Jul 23, 2018","11,084.75","11,019.85","11,093.40","11,010.95","236.15K","0.68%"
"Jul 20, 2018","11,010.20","10,963.50","11,030.25","10,946.20","193.14K","0.48%"
"Jul 19, 2018","10,957.10","10,999.50","11,006.50","10,935.45","222.06K","-0.21%"
"Jul 18, 2018","10,980.45","11,060.20","11,076.20","10,956.30","232.50K","-0.25%"
"Jul 17, 2018","11,008.05","10,939.65","11,018.50","10,925.60","217.11K","0.65%"
"Jul 16, 2018","10,936.85","11,018.95","11,019.50","10,926.25","216.97K","-0.74%"
"Jul 13, 2018","11,018.90","11,056.90","11,071.35","10,999.75","241.67K","-0.04%"
"Jul 12, 2018","11,023.20","11,006.95","11,078.30","10,999.65","256.04K","0.68%"
"Jul 11, 2018","10,948.30","10,956.40","10,976.65","10,923.00","229.21K","0.01%"
"Jul 10, 2018","10,947.25","10,902.75","10,956.90","10,876.65","203.06K","0.87%"